timesteps,mean_cost,std_cost
10000,19917.5,316.8142200091404
20000,16202.4,221.4755968498561
30000,15404.4,163.7273343092106
40000,15046.5,218.21147999131486
50000,15629.6,196.66733333220338
