timesteps,mean_cost,std_cost
10000,45608.6,649.6171487884229
20000,34692.7,343.6323762394923
30000,14948.2,176.00727257701598
40000,15075.0,295.86483400363755
50000,16070.5,364.2274701337064
