timesteps,mean_cost,std_cost
10000,19940.0,372.40435013570936
20000,17955.4,253.3559551303265
30000,15618.5,242.04844556410603
40000,15108.0,300.4283608449775
50000,15144.1,336.48341712482653
