timesteps,mean_cost,std_cost
10000,40154.9,527.3699744960837
20000,36777.0,335.8904583342611
30000,15143.6,164.29010925798303
40000,16157.5,268.51340748647914
50000,15244.6,233.74353466994546
